/*
 *  Archivo: estCarga.sql
 *
 *  Contenido:
 *          Scrit de carga de la base de datos de estudiantes.
 *
 *  Creado por:
 *          Prof. Edna RUCKHAUS
 *          UNIVERSIDAD SIMÓN BOLÍVAR
 *  Fecha:  24 de Octubre de 2010
 *
 *  Modificado por:
 *          Prof. Leonid TINEO
 *          UNIVERSIDAD SIMÓN BOLÍVAR
 *  Fecha:  12 de noviembre de 2012
 * 
 *  Modificado por:
 *          Prof. Armando RUPEREZ
 *          UNIVERSIDAD SIMÓN BOLÍVAR
 *  Fecha:  20 de febrero de 2015
 */
 
/*     COMANDO PARA CAMBIAR EL FORMATO POR DEFECTO DE LA FECHA
ALTER SESSION SET NLS_DATE_FORMAT = 'YYYY-MM-DD ';*/

/* COMANDO PARA ELIMINAR TODOS LOS DATOS PREVIOS EN LAS TABLAS */

DELETE FROM CURSA;
DELETE FROM PERTENECE;
DELETE FROM DICTA;
DELETE FROM ESTUDIANTE;
DELETE FROM CARRERA;
DELETE FROM COORDINACION;
DELETE FROM PROFESOR;
DELETE FROM SECCION;
DELETE FROM ASIGNATURA;
DELETE FROM DEPARTAMENTO;

/*
 *	Inserciones de tuplas de COORDINACION
 */

INSERT INTO COORDINACION VALUES ( '001','Coordinacion de Ing. Computacion');
INSERT INTO COORDINACION VALUES ( '002','Coordinacion de Ing. Electronica');
INSERT INTO COORDINACION VALUES ( '003','Coordinacion de Ing. Mecanica');
INSERT INTO COORDINACION VALUES ( '004','Coordinacion de Ing. Geofisica');
INSERT INTO COORDINACION VALUES ( '005','Coordinacion de Ing. Materiales');
INSERT INTO COORDINACION VALUES ( '006','Coordinacion de Ing. Produccion');
INSERT INTO COORDINACION VALUES ( '007','Coordinacion de Ing. Quimica');
INSERT INTO COORDINACION VALUES ( '008','Coordinacion de Ing. Electrica');
INSERT INTO COORDINACION VALUES ( '009','Coordinacion de Ing. Mantenimiento');
INSERT INTO COORDINACION VALUES ( '010','Coordinacion de Ing. Telecomunicaciones');

/*
 *	Inserciones de tuplas de DEPARTAMENTO
 */

INSERT INTO DEPARTAMENTO VALUES ( '101','Departamento de Computacion');
INSERT INTO DEPARTAMENTO VALUES ( '102','Departamento de Electronica');
INSERT INTO DEPARTAMENTO VALUES ( '103','Departamento de Mecanica');
INSERT INTO DEPARTAMENTO VALUES ( '104','Departamento de Sociales');
INSERT INTO DEPARTAMENTO VALUES ( '105','Departamento de Matematicas');
INSERT INTO DEPARTAMENTO VALUES ( '106','Departamento de Fisica');
INSERT INTO DEPARTAMENTO VALUES ( '107','Departamento de Quimica');
INSERT INTO DEPARTAMENTO VALUES ( '108','Departamento de Estudios Generales');
INSERT INTO DEPARTAMENTO VALUES ( '109','Departamento de Geofisica');
INSERT INTO DEPARTAMENTO VALUES ( '110','Departamento de Idiomas');

/*
 *     INSERCION DE CARRERAS
 */
INSERT INTO CARRERA VALUES ( 0001, 'Ing. Geofisica','004');
INSERT INTO CARRERA VALUES ( 0002, 'Ing. Materiales','005');
INSERT INTO CARRERA VALUES ( 0003, 'Ing. Produccion','006');
INSERT INTO CARRERA VALUES ( 0004, 'Ing. Quimica','007');
INSERT INTO CARRERA VALUES ( 0005, 'Ing. Electrica','008');
INSERT INTO CARRERA VALUES ( 0006, 'Ing. Mantenimiento','009');
INSERT INTO CARRERA VALUES ( 0007, 'Ing. Telecomunicaciones','010');
INSERT INTO CARRERA VALUES ( 0008, 'Ing. Computacion','001');
INSERT INTO CARRERA VALUES ( 0009, 'Ing. Electronica','002');
INSERT INTO CARRERA VALUES ( 0010, 'Ing. Mecanica','003');


/*
 *	Inserciones de tuplas de ESTUDIANTE
 */

INSERT INTO ESTUDIANTE VALUES ('9711111', 'Millan', 'Gabriel', '1990-05-11', 3.75, 95, 0008, '2007-09-01');
INSERT INTO ESTUDIANTE VALUES ('9722222', 'Gomez', 'Luis', '1990-07-16', 4.01, 86, 0008, '2007-09-01');
INSERT INTO ESTUDIANTE VALUES ('9833333', 'Perez', 'Jose', '1992-08-21', 3.86, 78, 0008, '2009-09-01');
INSERT INTO ESTUDIANTE VALUES ('9944444', 'Rivas', 'Irene', '1992-10-31', 3.98, 95, 0008, '2009-09-01');
INSERT INTO ESTUDIANTE VALUES ('0055555', 'Sanchez', 'Marta', '1993-11-10', 4.12, 80, 0010, '2010-09-01');
INSERT INTO ESTUDIANTE VALUES ('0066666', 'Rojas', 'Miguel', '1993-12-01', 3.56, 75, 0008, '2010-09-01');
INSERT INTO ESTUDIANTE VALUES ('9777777', 'Millan', 'Rafael', '1990-01-05', 3.25, 78, 0009, '2007-09-01');
INSERT INTO ESTUDIANTE VALUES ('9788888', 'Salazar', 'Gustavo', '1990-02-02', 4.25, 96, 0002, '2007-09-01');
INSERT INTO ESTUDIANTE VALUES ('9899999', 'Saad', 'Gabriela', '1992-05-05', 4.36, 79, 0006, '2009-09-01');
INSERT INTO ESTUDIANTE VALUES ('9911122', 'Cortes', 'Santiago', '1992-07-01', 3.66, 85, 0009, '2009-09-01');
INSERT INTO ESTUDIANTE VALUES ('0022333', 'Sanchez', 'Andres', '1994-10-18', 3.92, 82, 0010, '2011-09-01');
INSERT INTO ESTUDIANTE VALUES ('0033444', 'Ponce', 'Camilo', '1994-12-20', 3.99, 72, 0009, '2011-09-01');
INSERT INTO ESTUDIANTE VALUES ('9712345', 'Pino', 'David', '1990-03-25', 4.00, 69, 0008, '2007-09-01');
INSERT INTO ESTUDIANTE VALUES ('9723456', 'Noriega', 'Domingo', '1990-09-14', 3.55, 99, 0008, '2007-09-01');
INSERT INTO ESTUDIANTE VALUES ('9834567', 'Garcia', 'Manuel', '1992-02-04', 3.23, 86, 0008, '2009-09-01');
INSERT INTO ESTUDIANTE VALUES ('9945678', 'Rovas', 'Ignacio', '1992-09-17', 3.89, 78, 0008, '2009-09-01');
INSERT INTO ESTUDIANTE VALUES ('0056789', 'Diaz', 'Ramon', '1994-03-22', 4.55, 69, 0008, '2011-09-01');
INSERT INTO ESTUDIANTE VALUES ('0067890', 'Vidal', 'Marina', '1994-10-25', 4.10, 80, 0010, '2011-09-01');
INSERT INTO ESTUDIANTE VALUES ('9778901', 'Peralto', 'Ricardo', '1990-11-27', 3.33, 72, 0009, '2007-09-01');
INSERT INTO ESTUDIANTE VALUES ('9789012', 'Salinas', 'Elvira', '1990-02-10', 4.44, 79, 0003, '2007-09-01');
INSERT INTO ESTUDIANTE VALUES ('9890123', 'Lopez', 'Carmen', '1992-05-01', 3.01, 78, 0005, '2009-09-01');
INSERT INTO ESTUDIANTE VALUES ('9901236', 'Alfonso', 'Irma', '1992-08-15', 4.75, 96, 0009, '2009-09-01');
INSERT INTO ESTUDIANTE VALUES ('0077889', 'Beltran', 'Alberto', '1994-09-21', 4.17, 72, 0010, '2011-09-01');
INSERT INTO ESTUDIANTE VALUES ('0088999', 'Valles', 'Enrique', '1994-11-13', 3.68, 86, 0009, '2011-09-01');
INSERT INTO ESTUDIANTE VALUES ('1011111', 'Hurtado', 'Celia', '1990-05-11', 3.15, 89, 0001, '2010-09-01');
INSERT INTO ESTUDIANTE VALUES ('1022222', 'Gamez', 'Tobias', '1990-07-16', 3.89, 18, 0002, '2010-09-01');
INSERT INTO ESTUDIANTE VALUES ('1133333', 'Bustamante', 'Simon', '1992-08-21', 2.90, 110, 0003, '2012-09-01');
INSERT INTO ESTUDIANTE VALUES ('1244444', 'Conde', 'Martin', '1992-10-31', 4.12, 98, 0004, '2012-09-01');
INSERT INTO ESTUDIANTE VALUES ('1355555', 'Caraballo', 'Oscar', '1993-11-10', 3.72, 50, 0005, '2010-09-01');
INSERT INTO ESTUDIANTE VALUES ('1366666', 'Gil', 'Pablo', '1993-12-01', 4.46, 85, 0006, '2010-09-01');
INSERT INTO ESTUDIANTE VALUES ('1077777', 'Garcia', 'Luisa', '1990-01-05', 2.87, 81, 0004, '2010-09-01');
INSERT INTO ESTUDIANTE VALUES ('1088888', 'Santana', 'Natalia', '1990-02-02', 4.30, 94, 0001, '2010-09-01');
INSERT INTO ESTUDIANTE VALUES ('1199999', 'Ramos', 'Omar', '1992-05-05', 4.01, 94, 0002, '2012-09-01');
INSERT INTO ESTUDIANTE VALUES ('1211122', 'Bello', 'Andres', '1992-07-01', 3.93, 21, 0003, '2012-09-01');
INSERT INTO ESTUDIANTE VALUES ('1322333', 'Blanco', 'Carmen', '1994-10-18', 3.74, 43, 0004, '2011-09-01');
INSERT INTO ESTUDIANTE VALUES ('1333444', 'Valencia', 'Jose', '1994-12-20', 3.25, 30, 0005, '2011-09-01');
INSERT INTO ESTUDIANTE VALUES ('1012345', 'Quijada', 'Wendy', '1990-03-25', 4.27, 60, 0006, '2010-09-01');
INSERT INTO ESTUDIANTE VALUES ('1023456', 'Pineda', 'Domingo', '1990-09-14', 4.55, 56, 0007, '2010-09-01');
INSERT INTO ESTUDIANTE VALUES ('1134567', 'Delgado', 'Manuel', '1992-02-04', 3.01, 90, 0001, '2012-09-01');
INSERT INTO ESTUDIANTE VALUES ('1245678', 'Quintero', 'Ignacio', '1992-09-17', 3.39, 82, 0002, '2012-09-01');
INSERT INTO ESTUDIANTE VALUES ('1356789', 'Barreto', 'Ramon', '1994-03-22', 3.89, 62, 0003, '2011-09-01');
INSERT INTO ESTUDIANTE VALUES ('1367890', 'Valero', 'Marina', '1994-10-25', 4.19, 81, 0004, '2011-09-01');
INSERT INTO ESTUDIANTE VALUES ('1078901', 'Sandoval', 'Ricardo', '1990-11-27', 3.21, 79, 0005, '2010-09-01');
INSERT INTO ESTUDIANTE VALUES ('1089012', 'Torres', 'Elvira', '1990-02-10', 4.60, 23, 0006, '2010-09-01');
INSERT INTO ESTUDIANTE VALUES ('1190123', 'Tovar', 'Carmen', '1992-05-01', 3.09, 72, 0001, '2012-09-01');
INSERT INTO ESTUDIANTE VALUES ('1201236', 'Bolivar', 'Irma', '1992-08-15', 4.17, 92, 0001, '2012-09-01');
INSERT INTO ESTUDIANTE VALUES ('1377889', 'Carrero', 'Alberto', '1994-09-21', 4.34, 67, 0002, '2011-09-01');
INSERT INTO ESTUDIANTE VALUES ('1388999', 'Cruz', 'Enrique', '1994-11-13', 3.75, 30, 0003, '2011-09-01');



/*
 *	Inserciones de tuplas de ASIGNATURA
 */

INSERT INTO ASIGNATURA VALUES ( 'AA0001', 'Introduccion al Arte', 3, 3, '104','Teoria' );
INSERT INTO ASIGNATURA VALUES ( 'AA0002', 'Historia del Arte', 3, 3, '104','Teoria' );
INSERT INTO ASIGNATURA VALUES ( 'AA0003', 'Analisis de la Pintura', 3, 3, '104','Teoria' );
INSERT INTO ASIGNATURA VALUES ( 'AA0004', 'El Modernismo', 3, 4, '104','Teoria' );
INSERT INTO ASIGNATURA VALUES ( 'MM0001', 'Introduccion a la Computacion', 3, 5, '101','Teoria' );
INSERT INTO ASIGNATURA VALUES ( 'MM0002', 'Computacion I', 4, 6, '101','Teoria' );
INSERT INTO ASIGNATURA VALUES ( 'MM0003', 'Laboratorio de Algoritmos I', 3, 3, '101','Laboratorio' );
INSERT INTO ASIGNATURA VALUES ( 'MM0004', 'Laboratorio de Redes I', 3, 4, '102','Laboratorio' );
INSERT INTO ASIGNATURA VALUES ( 'PP0001', 'Redes II', 4, 6, '102','Teoria' );
INSERT INTO ASIGNATURA VALUES ( 'PP0002', 'Laboratorio de Termodinamica', 3, 3, '103','Laboratorio' );
INSERT INTO ASIGNATURA VALUES ( 'MA0001', 'Matematicas I', 4, 6, '105','Teoria' );
INSERT INTO ASIGNATURA VALUES ( 'MA0002', 'Matematicas II', 4, 6, '105','Teoria' );
INSERT INTO ASIGNATURA VALUES ( 'MA0003', 'Matematicas III', 4, 6, '105','Teoria' );
INSERT INTO ASIGNATURA VALUES ( 'FI0001', 'Fisica I', 4, 6, '106','Teoria' );
INSERT INTO ASIGNATURA VALUES ( 'FI0002', 'Fisica II', 4, 6, '106','Teoria' );
INSERT INTO ASIGNATURA VALUES ( 'FI0003', 'Fisica III', 4, 6, '106','Teoria' );
INSERT INTO ASIGNATURA VALUES ( 'FI0011', 'Laboratorio Fisica I', 3, 3, '106','Laboratorio' );
INSERT INTO ASIGNATURA VALUES ( 'FI0012', 'Laboratorio Fisica II', 3, 3, '106','Laboratorio' );
INSERT INTO ASIGNATURA VALUES ( 'QU0001', 'Quimica I', 4, 4, '107','Teoria' );
INSERT INTO ASIGNATURA VALUES ( 'EG0001', 'Educacion Fisica', 4, 3, '108','Teoria' );
INSERT INTO ASIGNATURA VALUES ( 'EG0002', 'Apreciacion Musical', 4, 3, '108','Teoria' );
INSERT INTO ASIGNATURA VALUES ( 'GE0001', 'Exploracion I', 4, 4, '109','Teoria' );
INSERT INTO ASIGNATURA VALUES ( 'ID0001', 'Ingles I', 3, 3, '110','Teoria' );
INSERT INTO ASIGNATURA VALUES ( 'ID0002', 'Ingles II', 3, 3, '110','Teoria' );
INSERT INTO ASIGNATURA VALUES ( 'ID0003', 'Ingles III', 3, 3, '110','Teoria' );

/*
 *	Inserciones de tuplas de PERTENECE
 */
INSERT INTO PERTENECE VALUES ( 'AA0001', 0008, 'GENERAL');
INSERT INTO PERTENECE VALUES ( 'AA0001', 0009, 'GENERAL');
INSERT INTO PERTENECE VALUES ( 'AA0002', 0008, 'GENERAL');
INSERT INTO PERTENECE VALUES ( 'AA0002', 0009, 'GENERAL');
INSERT INTO PERTENECE VALUES ( 'AA0002', 0010, 'GENERAL');
INSERT INTO PERTENECE VALUES ( 'AA0003', 0008, 'GENERAL');
INSERT INTO PERTENECE VALUES ( 'AA0004', 0008, 'GENERAL');
INSERT INTO PERTENECE VALUES ( 'AA0004', 0009, 'GENERAL');
INSERT INTO PERTENECE VALUES ( 'MM0001', 0008, 'ELECTIVA');
INSERT INTO PERTENECE VALUES ( 'MM0001', 0009, 'OBLIGATORIA');
INSERT INTO PERTENECE VALUES ( 'MM0001', 0010, 'OBLIGATORIA');
INSERT INTO PERTENECE VALUES ( 'MM0002', 0008, 'ELECTIVA');
INSERT INTO PERTENECE VALUES ( 'MM0002', 0009, 'OBLIGATORIA');
INSERT INTO PERTENECE VALUES ( 'MM0003', 0008, 'OBLIGATORIA');
INSERT INTO PERTENECE VALUES ( 'MM0004', 0009, 'OBLIGATORIA');
INSERT INTO PERTENECE VALUES ( 'PP0001', 0009, 'OBLIGATORIA');
INSERT INTO PERTENECE VALUES ( 'PP0002', 0010, 'OBLIGATORIA');
INSERT INTO PERTENECE VALUES ( 'MA0001', 0001, 'OBLIGATORIA');
INSERT INTO PERTENECE VALUES ( 'MA0002', 0001, 'OBLIGATORIA');
INSERT INTO PERTENECE VALUES ( 'MA0003', 0001, 'OBLIGATORIA');
INSERT INTO PERTENECE VALUES ( 'MA0001', 0002, 'OBLIGATORIA');
INSERT INTO PERTENECE VALUES ( 'MA0002', 0002, 'OBLIGATORIA');
INSERT INTO PERTENECE VALUES ( 'MA0003', 0002, 'OBLIGATORIA');
INSERT INTO PERTENECE VALUES ( 'MA0001', 0003, 'OBLIGATORIA');
INSERT INTO PERTENECE VALUES ( 'MA0002', 0003, 'OBLIGATORIA');
INSERT INTO PERTENECE VALUES ( 'MA0003', 0003, 'OBLIGATORIA');
INSERT INTO PERTENECE VALUES ( 'MA0001', 0004, 'OBLIGATORIA');
INSERT INTO PERTENECE VALUES ( 'MA0002', 0004, 'OBLIGATORIA');
INSERT INTO PERTENECE VALUES ( 'MA0003', 0004, 'OBLIGATORIA');
INSERT INTO PERTENECE VALUES ( 'MA0001', 0005, 'OBLIGATORIA');
INSERT INTO PERTENECE VALUES ( 'MA0002', 0005, 'OBLIGATORIA');
INSERT INTO PERTENECE VALUES ( 'MA0003', 0005, 'OBLIGATORIA');
INSERT INTO PERTENECE VALUES ( 'MA0001', 0006, 'OBLIGATORIA');
INSERT INTO PERTENECE VALUES ( 'MA0002', 0006, 'OBLIGATORIA');
INSERT INTO PERTENECE VALUES ( 'MA0003', 0006, 'OBLIGATORIA');
INSERT INTO PERTENECE VALUES ( 'MA0001', 0007, 'OBLIGATORIA');
INSERT INTO PERTENECE VALUES ( 'MA0002', 0007, 'OBLIGATORIA');
INSERT INTO PERTENECE VALUES ( 'MA0003', 0007, 'OBLIGATORIA');
INSERT INTO PERTENECE VALUES ( 'MA0001', 0008, 'OBLIGATORIA');
INSERT INTO PERTENECE VALUES ( 'MA0002', 0008, 'OBLIGATORIA');
INSERT INTO PERTENECE VALUES ( 'MA0003', 0008, 'OBLIGATORIA');
INSERT INTO PERTENECE VALUES ( 'MA0001', 0009, 'OBLIGATORIA');
INSERT INTO PERTENECE VALUES ( 'MA0002', 0009, 'OBLIGATORIA');
INSERT INTO PERTENECE VALUES ( 'MA0003', 0009, 'OBLIGATORIA');
INSERT INTO PERTENECE VALUES ( 'MA0001', 0010, 'OBLIGATORIA');
INSERT INTO PERTENECE VALUES ( 'MA0002', 0010, 'OBLIGATORIA');
INSERT INTO PERTENECE VALUES ( 'MA0003', 0010, 'OBLIGATORIA');
INSERT INTO PERTENECE VALUES ( 'FI0001', 0001, 'OBLIGATORIA');
INSERT INTO PERTENECE VALUES ( 'FI0002', 0001, 'OBLIGATORIA');
INSERT INTO PERTENECE VALUES ( 'FI0003', 0001, 'OBLIGATORIA');
INSERT INTO PERTENECE VALUES ( 'FI0001', 0002, 'OBLIGATORIA');
INSERT INTO PERTENECE VALUES ( 'FI0002', 0002, 'OBLIGATORIA');
INSERT INTO PERTENECE VALUES ( 'FI0003', 0002, 'OBLIGATORIA');
INSERT INTO PERTENECE VALUES ( 'FI0001', 0003, 'OBLIGATORIA');
INSERT INTO PERTENECE VALUES ( 'FI0002', 0003, 'OBLIGATORIA');
INSERT INTO PERTENECE VALUES ( 'FI0003', 0003, 'OBLIGATORIA');
INSERT INTO PERTENECE VALUES ( 'FI0001', 0004, 'OBLIGATORIA');
INSERT INTO PERTENECE VALUES ( 'FI0002', 0004, 'OBLIGATORIA');
INSERT INTO PERTENECE VALUES ( 'FI0003', 0004, 'OBLIGATORIA');
INSERT INTO PERTENECE VALUES ( 'FI0001', 0005, 'OBLIGATORIA');
INSERT INTO PERTENECE VALUES ( 'FI0002', 0005, 'OBLIGATORIA');
INSERT INTO PERTENECE VALUES ( 'FI0003', 0005, 'OBLIGATORIA');
INSERT INTO PERTENECE VALUES ( 'FI0001', 0006, 'OBLIGATORIA');
INSERT INTO PERTENECE VALUES ( 'FI0002', 0006, 'OBLIGATORIA');
INSERT INTO PERTENECE VALUES ( 'FI0003', 0006, 'OBLIGATORIA');
INSERT INTO PERTENECE VALUES ( 'FI0001', 0008, 'OBLIGATORIA');
INSERT INTO PERTENECE VALUES ( 'FI0002', 0008, 'OBLIGATORIA');
INSERT INTO PERTENECE VALUES ( 'FI0003', 0008, 'OBLIGATORIA');
INSERT INTO PERTENECE VALUES ( 'FI0001', 0009, 'OBLIGATORIA');
INSERT INTO PERTENECE VALUES ( 'FI0002', 0009, 'OBLIGATORIA');
INSERT INTO PERTENECE VALUES ( 'FI0003', 0009, 'OBLIGATORIA');
INSERT INTO PERTENECE VALUES ( 'FI0001', 0010, 'OBLIGATORIA');
INSERT INTO PERTENECE VALUES ( 'FI0002', 0010, 'OBLIGATORIA');
INSERT INTO PERTENECE VALUES ( 'FI0003', 0010, 'OBLIGATORIA');
INSERT INTO PERTENECE VALUES ( 'FI0011', 0001, 'OBLIGATORIA');
INSERT INTO PERTENECE VALUES ( 'FI0012', 0001, 'OBLIGATORIA');
INSERT INTO PERTENECE VALUES ( 'FI0011', 0002, 'OBLIGATORIA');
INSERT INTO PERTENECE VALUES ( 'FI0012', 0002, 'OBLIGATORIA');
INSERT INTO PERTENECE VALUES ( 'FI0011', 0003, 'OBLIGATORIA');
INSERT INTO PERTENECE VALUES ( 'FI0012', 0003, 'OBLIGATORIA');
INSERT INTO PERTENECE VALUES ( 'FI0011', 0004, 'OBLIGATORIA');
INSERT INTO PERTENECE VALUES ( 'FI0012', 0004, 'OBLIGATORIA');
INSERT INTO PERTENECE VALUES ( 'FI0011', 0005, 'OBLIGATORIA');
INSERT INTO PERTENECE VALUES ( 'FI0012', 0005, 'OBLIGATORIA');
INSERT INTO PERTENECE VALUES ( 'FI0011', 0010, 'OBLIGATORIA');
INSERT INTO PERTENECE VALUES ( 'FI0012', 0010, 'OBLIGATORIA');
INSERT INTO PERTENECE VALUES ( 'QU0001', 0002, 'OBLIGATORIA');
INSERT INTO PERTENECE VALUES ( 'QU0001', 0004, 'OBLIGATORIA');
INSERT INTO PERTENECE VALUES ( 'EG0001', 0001, 'GENERAL');
INSERT INTO PERTENECE VALUES ( 'EG0002', 0001, 'GENERAL');
INSERT INTO PERTENECE VALUES ( 'EG0001', 0002, 'GENERAL');
INSERT INTO PERTENECE VALUES ( 'EG0002', 0002, 'GENERAL');
INSERT INTO PERTENECE VALUES ( 'EG0001', 0003, 'GENERAL');
INSERT INTO PERTENECE VALUES ( 'EG0002', 0003, 'GENERAL');
INSERT INTO PERTENECE VALUES ( 'EG0001', 0004, 'GENERAL');
INSERT INTO PERTENECE VALUES ( 'EG0002', 0004, 'GENERAL');
INSERT INTO PERTENECE VALUES ( 'EG0001', 0005, 'GENERAL');
INSERT INTO PERTENECE VALUES ( 'EG0002', 0005, 'GENERAL');
INSERT INTO PERTENECE VALUES ( 'EG0001', 0006, 'GENERAL');
INSERT INTO PERTENECE VALUES ( 'EG0002', 0006, 'GENERAL');
INSERT INTO PERTENECE VALUES ( 'EG0001', 0008, 'GENERAL');
INSERT INTO PERTENECE VALUES ( 'EG0002', 0008, 'GENERAL');
INSERT INTO PERTENECE VALUES ( 'EG0001', 0009, 'GENERAL');
INSERT INTO PERTENECE VALUES ( 'EG0002', 0009, 'GENERAL');
INSERT INTO PERTENECE VALUES ( 'EG0001', 0010, 'GENERAL');
INSERT INTO PERTENECE VALUES ( 'EG0002', 0010, 'GENERAL');
INSERT INTO PERTENECE VALUES ( 'ID0001', 0001, 'OBLIGATORIA');
INSERT INTO PERTENECE VALUES ( 'ID0002', 0001, 'OBLIGATORIA');
INSERT INTO PERTENECE VALUES ( 'ID0003', 0001, 'OBLIGATORIA');
INSERT INTO PERTENECE VALUES ( 'ID0001', 0002, 'OBLIGATORIA');
INSERT INTO PERTENECE VALUES ( 'ID0002', 0002, 'OBLIGATORIA');
INSERT INTO PERTENECE VALUES ( 'ID0003', 0002, 'OBLIGATORIA');
INSERT INTO PERTENECE VALUES ( 'ID0001', 0003, 'OBLIGATORIA');
INSERT INTO PERTENECE VALUES ( 'ID0002', 0003, 'OBLIGATORIA');
INSERT INTO PERTENECE VALUES ( 'ID0003', 0003, 'OBLIGATORIA');
INSERT INTO PERTENECE VALUES ( 'ID0001', 0004, 'OBLIGATORIA');
INSERT INTO PERTENECE VALUES ( 'ID0002', 0004, 'OBLIGATORIA');
INSERT INTO PERTENECE VALUES ( 'ID0003', 0004, 'OBLIGATORIA');
INSERT INTO PERTENECE VALUES ( 'ID0001', 0005, 'OBLIGATORIA');
INSERT INTO PERTENECE VALUES ( 'ID0002', 0005, 'OBLIGATORIA');
INSERT INTO PERTENECE VALUES ( 'ID0003', 0005, 'OBLIGATORIA');
INSERT INTO PERTENECE VALUES ( 'ID0001', 0006, 'OBLIGATORIA');
INSERT INTO PERTENECE VALUES ( 'ID0002', 0006, 'OBLIGATORIA');
INSERT INTO PERTENECE VALUES ( 'ID0003', 0006, 'OBLIGATORIA');
INSERT INTO PERTENECE VALUES ( 'ID0001', 0007, 'OBLIGATORIA');
INSERT INTO PERTENECE VALUES ( 'ID0002', 0007, 'OBLIGATORIA');
INSERT INTO PERTENECE VALUES ( 'ID0003', 0007, 'OBLIGATORIA');
INSERT INTO PERTENECE VALUES ( 'ID0001', 0008, 'OBLIGATORIA');
INSERT INTO PERTENECE VALUES ( 'ID0002', 0008, 'OBLIGATORIA');
INSERT INTO PERTENECE VALUES ( 'ID0003', 0008, 'OBLIGATORIA');
INSERT INTO PERTENECE VALUES ( 'ID0001', 0009, 'OBLIGATORIA');
INSERT INTO PERTENECE VALUES ( 'ID0002', 0009, 'OBLIGATORIA');
INSERT INTO PERTENECE VALUES ( 'ID0003', 0009, 'OBLIGATORIA');
INSERT INTO PERTENECE VALUES ( 'ID0001', 0010, 'OBLIGATORIA');
INSERT INTO PERTENECE VALUES ( 'ID0002', 0010, 'OBLIGATORIA');
INSERT INTO PERTENECE VALUES ( 'ID0003', 0010, 'OBLIGATORIA');


/*
 *	Inserciones de tuplas DE SECCION
 */
INSERT INTO SECCION VALUES ('AA0001','ENERO',2015,1);
INSERT INTO SECCION VALUES ('AA0002','ENERO',2015,1);
INSERT INTO SECCION VALUES ('AA0003','ENERO',2015,1);
INSERT INTO SECCION VALUES ('AA0004','ENERO',2015,1);
INSERT INTO SECCION VALUES ('MM0001','SEPTIEMBRE',2013,1);
INSERT INTO SECCION VALUES ('MM0001','ENERO',2015,1);
INSERT INTO SECCION VALUES ('MM0002','ENERO',2014,1);
INSERT INTO SECCION VALUES ('MM0003','ABRIL',2014,1);
INSERT INTO SECCION VALUES ('MM0003','ABRIL',2014,2);
INSERT INTO SECCION VALUES ('MM0004','SEPTIEMBRE',2014,1);
INSERT INTO SECCION VALUES ('MM0004','SEPTIEMBRE',2014,2);
INSERT INTO SECCION VALUES ('PP0001','ENERO',2015,1);
INSERT INTO SECCION VALUES ('PP0002','ENERO',2015,1);
INSERT INTO SECCION VALUES ('PP0002','ENERO',2015,2);
INSERT INTO SECCION VALUES ('MA0001','ENERO',2015,1);
INSERT INTO SECCION VALUES ('MA0002','ENERO',2015,1);
INSERT INTO SECCION VALUES ('MA0003','ENERO',2015,1);
INSERT INTO SECCION VALUES ('FI0001','ABRIL',2014,1);
INSERT INTO SECCION VALUES ('FI0002','SEPTIEMBRE',2014,1);
INSERT INTO SECCION VALUES ('FI0002','ENERO',2015,1);
INSERT INTO SECCION VALUES ('FI0003','ENERO',2015,1);
INSERT INTO SECCION VALUES ('FI0003','ABRIL',2015,1);
INSERT INTO SECCION VALUES ('FI0011','ENERO',2015,1);
INSERT INTO SECCION VALUES ('FI0012','ENERO',2015,1);
INSERT INTO SECCION VALUES ('QU0001','ENERO',2015,1);
INSERT INTO SECCION VALUES ('QU0001','ENERO',2015,2);
INSERT INTO SECCION VALUES ('EG0001','ENERO',2015,1);
INSERT INTO SECCION VALUES ('EG0002','ENERO',2015,1);
INSERT INTO SECCION VALUES ('GE0001','ENERO',2015,1);
INSERT INTO SECCION VALUES ('GE0001','ENERO',2015,2);
INSERT INTO SECCION VALUES ('ID0001','ENERO',2015,1);
INSERT INTO SECCION VALUES ('ID0002','ENERO',2015,1);
INSERT INTO SECCION VALUES ('ID0002','ENERO',2015,2);
INSERT INTO SECCION VALUES ('ID0003','ENERO',2015,1);
INSERT INTO SECCION VALUES ('MA0001','ENERO',2014,1);
INSERT INTO SECCION VALUES ('MA0002','ABRIL',2014,1);
INSERT INTO SECCION VALUES ('MA0003','SEPTIEMBRE',2014,1);
INSERT INTO SECCION VALUES ('ID0001','ENERO',2014,1);
INSERT INTO SECCION VALUES ('ID0002','ABRIL',2014,1);
INSERT INTO SECCION VALUES ('ID0003','SEPTIEMBRE',2014,1);

/*
 *	Inserciones de tuplas DE CURSA
 */
INSERT INTO CURSA VALUES ('9944444','AA0001','ENERO',2015,1,'APROBADO',NULL,4);
INSERT INTO CURSA VALUES ('0055555','AA0001','ENERO',2015,1,'INSCRITO',NULL,5);
INSERT INTO CURSA VALUES ('0066666','AA0001','ENERO',2015,1,'INSCRITO',NULL,4);
INSERT INTO CURSA VALUES ('9945678','AA0001','ENERO',2015,1,'INSCRITO',NULL,3);
INSERT INTO CURSA VALUES ('0056789','AA0001','ENERO',2015,1,'INSCRITO',NULL,3);
INSERT INTO CURSA VALUES ('0067890','AA0001','ENERO',2015,1,'INSCRITO',NULL,4);
INSERT INTO CURSA VALUES ('9711111','AA0002','ENERO',2015,1,'REPROBADO',NULL,2);
INSERT INTO CURSA VALUES ('9722222','AA0002','ENERO',2015,1,'INSCRITO',NULL,4);
INSERT INTO CURSA VALUES ('9833333','AA0002','ENERO',2015,1,'INSCRITO',NULL,5);
INSERT INTO CURSA VALUES ('9712345','AA0002','ENERO',2015,1,'INSCRITO',NULL,4);
INSERT INTO CURSA VALUES ('9723456','AA0002','ENERO',2015,1,'INSCRITO',NULL,4);
INSERT INTO CURSA VALUES ('9834567','AA0002','ENERO',2015,1,'REPROBADO',NULL,1);
INSERT INTO CURSA VALUES ('9711111','AA0003','ENERO',2015,1,'REPROBADO',NULL,1);
INSERT INTO CURSA VALUES ('9722222','AA0003','ENERO',2015,1,'INSCRITO',NULL,5);
INSERT INTO CURSA VALUES ('9833333','AA0003','ENERO',2015,1,'INSCRITO',NULL,5);
INSERT INTO CURSA VALUES ('9712345','AA0003','ENERO',2015,1,'INSCRITO',NULL,4);
INSERT INTO CURSA VALUES ('9723456','AA0003','ENERO',2015,1,'INSCRITO',NULL,4);
INSERT INTO CURSA VALUES ('9834567','AA0003','ENERO',2015,1,'APROBADO',NULL,3);
INSERT INTO CURSA VALUES ('9711111','AA0004','ENERO',2015,1,'APROBADO',NULL,5);
INSERT INTO CURSA VALUES ('9722222','AA0004','ENERO',2015,1,'REPROBADO',NULL,1);
INSERT INTO CURSA VALUES ('9833333','AA0004','ENERO',2015,1,'REPROBADO',NULL,1);
INSERT INTO CURSA VALUES ('9712345','AA0004','ENERO',2015,1,'REPROBADO',NULL,1);
INSERT INTO CURSA VALUES ('9723456','AA0004','ENERO',2015,1,'INSCRITO',NULL,4);
INSERT INTO CURSA VALUES ('9834567','AA0004','ENERO',2015,1,'REPROBADO',NULL,1);
INSERT INTO CURSA VALUES ('9911122','MM0001','ENERO',2015,1,'APROBADO',NULL,4);
INSERT INTO CURSA VALUES ('0022333','MM0001','ENERO',2015,1,'INSCRITO',NULL,4);
INSERT INTO CURSA VALUES ('0033444','MM0001','ENERO',2015,1,'INSCRITO',NULL,5);
INSERT INTO CURSA VALUES ('9901236','MM0001','ENERO',2015,1,'INSCRITO',NULL,3);
INSERT INTO CURSA VALUES ('0077889','MM0001','ENERO',2015,1,'APROBADO',NULL,3);
INSERT INTO CURSA VALUES ('0088999','MM0001','ENERO',2015,1,'INSCRITO',NULL,4);
INSERT INTO CURSA VALUES ('9777777','MM0001','SEPTIEMBRE',2013,1,'INSCRITO',NULL,3);
INSERT INTO CURSA VALUES ('9788888','MM0001','SEPTIEMBRE',2013,1,'INSCRITO',NULL,4);
INSERT INTO CURSA VALUES ('9899999','MM0001','SEPTIEMBRE',2013,1,'REPROBADO',NULL,2);
INSERT INTO CURSA VALUES ('9778901','MM0001','SEPTIEMBRE',2013,1,'RETIRADO',NULL,NULL);
INSERT INTO CURSA VALUES ('9789012','MM0001','SEPTIEMBRE',2013,1,'REPROBADO',NULL,2);
INSERT INTO CURSA VALUES ('9890123','MM0001','SEPTIEMBRE',2013,1,'APROBADO',NULL,3);
INSERT INTO CURSA VALUES ('9777777','MM0002','ENERO',2014,1,'INSCRITO',NULL,3);
INSERT INTO CURSA VALUES ('9788888','MM0002','ENERO',2014,1,'RECHAZADO',NULL,4);
INSERT INTO CURSA VALUES ('9899999','MM0002','ENERO',2014,1,'REPROBADO',NULL,2);
INSERT INTO CURSA VALUES ('9778901','MM0002','ENERO',2014,1,'REPROBADO',NULL,1);
INSERT INTO CURSA VALUES ('9789012','MM0002','ENERO',2014,1,'REPROBADO',NULL,2);
INSERT INTO CURSA VALUES ('9890123','MM0002','ENERO',2014,1,'APROBADO',NULL,3);
INSERT INTO CURSA VALUES ('9777777','MM0003','ABRIL',2014,1,'REPROBADO',NULL,2);
INSERT INTO CURSA VALUES ('9788888','MM0003','ABRIL',2014,1,'REPROBADO',NULL,1);
INSERT INTO CURSA VALUES ('9899999','MM0003','ABRIL',2014,1,'INSCRITO',NULL,5);
INSERT INTO CURSA VALUES ('9778901','MM0003','ABRIL',2014,1,'INSCRITO',NULL,5);
INSERT INTO CURSA VALUES ('9789012','MM0003','ABRIL',2014,1,'RETIRADO',NULL,NULL);
INSERT INTO CURSA VALUES ('9890123','MM0003','ABRIL',2014,1,'REPROBADO',NULL,1);
INSERT INTO CURSA VALUES ('9777777','MM0004','SEPTIEMBRE',2014,1,'INSCRITO',NULL,5);
INSERT INTO CURSA VALUES ('9788888','MM0004','SEPTIEMBRE',2014,1,'INSCRITO',NULL,4);
INSERT INTO CURSA VALUES ('9899999','MM0004','SEPTIEMBRE',2014,1,'INSCRITO',NULL,5);
INSERT INTO CURSA VALUES ('9778901','MM0004','SEPTIEMBRE',2014,1,'RECHAZADO',NULL,NULL);
INSERT INTO CURSA VALUES ('9789012','MM0004','SEPTIEMBRE',2014,1,'INSCRITO',NULL,4);
INSERT INTO CURSA VALUES ('9890123','MM0004','SEPTIEMBRE',2014,1,'REPROBADO',NULL,1);
INSERT INTO CURSA VALUES ('1011111','FI0003','ENERO',2015,1,'INSCRITO',NULL,3);
INSERT INTO CURSA VALUES ('1011111','GE0001','ENERO',2015,1,'INSCRITO',NULL,3);
INSERT INTO CURSA VALUES ('1022222','AA0004','ENERO',2015,1,'INSCRITO',NULL,4);
INSERT INTO CURSA VALUES ('1022222','ID0003','ENERO',2015,1,'INSCRITO',NULL,5);
INSERT INTO CURSA VALUES ('1133333','PP0002','ENERO',2015,1,'INSCRITO',NULL,3);
INSERT INTO CURSA VALUES ('1133333','MA0003','ENERO',2015,1,'REPROBADO',NULL,2);
INSERT INTO CURSA VALUES ('1244444','QU0001','ENERO',2015,1,'INSCRITO',NULL,5);
INSERT INTO CURSA VALUES ('1244444','EG0002','ENERO',2015,1,'INSCRITO',NULL,5);
INSERT INTO CURSA VALUES ('1355555','FI0003','ENERO',2015,1,'REPROBADO',NULL,2);
INSERT INTO CURSA VALUES ('1355555','MA0003','ENERO',2015,1,'INSCRITO',NULL,3);
INSERT INTO CURSA VALUES ('1366666','AA0003','ENERO',2015,1,'REPROBADO',NULL,1);
INSERT INTO CURSA VALUES ('1366666','EG0002','ENERO',2015,1,'INSCRITO',NULL,5);
INSERT INTO CURSA VALUES ('1088888','GE0001','ENERO',2015,1,'REPROBADO',NULL,2);
INSERT INTO CURSA VALUES ('1088888','FI0002','ENERO',2015,1,'INSCRITO',NULL,4);
INSERT INTO CURSA VALUES ('1199999','FI0012','ENERO',2015,1,'INSCRITO',NULL,4);
INSERT INTO CURSA VALUES ('1199999','FI0003','ENERO',2015,1,'INSCRITO',NULL,4);
INSERT INTO CURSA VALUES ('1211122','FI0012','ENERO',2015,1,'INSCRITO',NULL,3);
INSERT INTO CURSA VALUES ('1211122','QU0001','ENERO',2015,1,'REPROBADO',NULL,2);
INSERT INTO CURSA VALUES ('1322333','FI0011','ENERO',2015,1,'INSCRITO',NULL,3);
INSERT INTO CURSA VALUES ('1322333','QU0001','ENERO',2015,1,'REPROBADO',NULL,1);
INSERT INTO CURSA VALUES ('1333444','ID0003','ENERO',2015,1,'INSCRITO',NULL,4);
INSERT INTO CURSA VALUES ('1333444','FI0011','ENERO',2015,1,'INSCRITO',NULL,3);
INSERT INTO CURSA VALUES ('1012345','MM0001','ENERO',2015,1,'REPROBADO',NULL,2);
INSERT INTO CURSA VALUES ('1012345','FI0003','ENERO',2015,1,'INSCRITO',NULL,5);
INSERT INTO CURSA VALUES ('1134567','PP0001','ENERO',2015,1,'REPROBADO',NULL,1);
INSERT INTO CURSA VALUES ('1134567','EG0001','ENERO',2015,1,'INSCRITO',NULL,3);
INSERT INTO CURSA VALUES ('1245678','FI0003','ENERO',2015,1,'INSCRITO',NULL,5);
INSERT INTO CURSA VALUES ('1245678','MA0003','ENERO',2015,1,'INSCRITO',NULL,4);
INSERT INTO CURSA VALUES ('1356789','ID0003','ENERO',2015,1,'REPROBADO',NULL,2);
INSERT INTO CURSA VALUES ('1356789','FI0012','ENERO',2015,1,'INSCRITO',NULL,3);
INSERT INTO CURSA VALUES ('1367890','PP0001','ENERO',2015,1,'INSCRITO',NULL,4);
INSERT INTO CURSA VALUES ('1367890','AA0002','ENERO',2015,1,'INSCRITO',NULL,4);
INSERT INTO CURSA VALUES ('1078901','FI0011','ENERO',2015,1,'REPROBADO',NULL,2);
INSERT INTO CURSA VALUES ('1078901','AA0002','ENERO',2015,1,'INSCRITO',NULL,4);
INSERT INTO CURSA VALUES ('1089012','FI0003','ENERO',2015,1,'REPROBADO',NULL,1);
INSERT INTO CURSA VALUES ('1089012','AA0004','ENERO',2015,1,'INSCRITO',NULL,4);
INSERT INTO CURSA VALUES ('1201236','FI0012','ENERO',2015,1,'REPROBADO',NULL,2);
INSERT INTO CURSA VALUES ('1201236','GE0001','ENERO',2015,1,'INSCRITO',NULL,4);
INSERT INTO CURSA VALUES ('1377889','FI0012','ENERO',2015,1,'INSCRITO',NULL,3);
INSERT INTO CURSA VALUES ('1377889','MA0003','ENERO',2015,1,'INSCRITO',NULL,3);
INSERT INTO CURSA VALUES ('1388999','FI0003','ENERO',2015,1,'INSCRITO',NULL,3);
INSERT INTO CURSA VALUES ('1388999','MA0003','ENERO',2015,1,'INSCRITO',NULL,3);
INSERT INTO CURSA VALUES ('1077777','MA0001','ENERO',2014,1,'APROBADO',NULL,3);
INSERT INTO CURSA VALUES ('1077777','MA0002','ABRIL',2014,1,'APROBADO',NULL,5);
INSERT INTO CURSA VALUES ('1077777','MA0003','SEPTIEMBRE',2014,1,'REPROBADO',NULL,2);
INSERT INTO CURSA VALUES ('1023456','MA0001','ENERO',2014,1,'APROBADO',NULL,4);
INSERT INTO CURSA VALUES ('1023456','MA0002','ABRIL',2014,1,'APROBADO',NULL,4);
INSERT INTO CURSA VALUES ('1023456','MA0003','SEPTIEMBRE',2014,1,'APROBADO',NULL,1);
INSERT INTO CURSA VALUES ('1190123','MA0001','ENERO',2014,1,'APROBADO',NULL,5);
INSERT INTO CURSA VALUES ('1190123','MA0002','ABRIL',2014,1,'APROBADO',NULL,5);
INSERT INTO CURSA VALUES ('1190123','MA0003','SEPTIEMBRE',2014,1,'REPROBADO',NULL,1);
INSERT INTO CURSA VALUES ('1077777','ID0001','ENERO',2014,1,'APROBADO',NULL,3);
INSERT INTO CURSA VALUES ('1077777','ID0002','ABRIL',2014,1,'APROBADO',NULL,5);
INSERT INTO CURSA VALUES ('1077777','ID0003','SEPTIEMBRE',2014,1,'REPROBADO',NULL,2);
INSERT INTO CURSA VALUES ('1023456','ID0001','ENERO',2014,1,'APROBADO',NULL,4);
INSERT INTO CURSA VALUES ('1023456','ID0002','ABRIL',2014,1,'APROBADO',NULL,4);
INSERT INTO CURSA VALUES ('1023456','ID0003','SEPTIEMBRE',2014,1,'APROBADO',NULL,1);
INSERT INTO CURSA VALUES ('1190123','ID0001','ENERO',2014,1,'APROBADO',NULL,5);
INSERT INTO CURSA VALUES ('1190123','ID0002','ABRIL',2014,1,'APROBADO',NULL,5);
INSERT INTO CURSA VALUES ('1190123','ID0003','SEPTIEMBRE',2014,1,'REPROBADO',NULL,1);
INSERT INTO CURSA VALUES ('1077777','FI0001','ABRIL',2014,1,'APROBADO',NULL,5);
INSERT INTO CURSA VALUES ('1077777','FI0002','SEPTIEMBRE',2014,1,'RETIRADO',NULL,NULL);
INSERT INTO CURSA VALUES ('1077777','FI0002','ENERO',2015,1,'APROBADO',NULL,5);
INSERT INTO CURSA VALUES ('1023456','FI0001','ABRIL',2014,1,'APROBADO',NULL,5);
INSERT INTO CURSA VALUES ('1023456','FI0002','SEPTIEMBRE',2014,1,'SIN EFECTO',NULL,2);
INSERT INTO CURSA VALUES ('1023456','FI0002','ENERO',2015,1,'APROBADO',NULL,3);
INSERT INTO CURSA VALUES ('1190123','FI0001','ABRIL',2014,1,'APROBADO',NULL,5);
INSERT INTO CURSA VALUES ('1190123','FI0002','SEPTIEMBRE',2014,1,'APROBADO',NULL,4);
INSERT INTO CURSA VALUES ('1356789','FI0003','ABRIL',2015,1,'APROBADO',NULL,3);
INSERT INTO CURSA VALUES ('1333444','FI0003','ABRIL',2015,1,'APROBADO',NULL,3);
INSERT INTO CURSA VALUES ('9890123','FI0003','ABRIL',2015,1,'APROBADO',NULL,5);
INSERT INTO CURSA VALUES ('9899999','FI0003','ABRIL',2015,1,'APROBADO',NULL,4);

/*
 *	Inserciones de tuplas DE PROFESOR
 */

INSERT INTO PROFESOR VALUES ('12345678','Perez','Pedro','1982-06-20','ASISTENTE','2007-09-15','101');
INSERT INTO PROFESOR VALUES ('11122333','Torres','Marco','1972-09-27','ASOCIADO','1999-09-15','102');
INSERT INTO PROFESOR VALUES ('87654321','Suarez','Pablo','1968-07-06','TITULAR','1991-09-15','103');
INSERT INTO PROFESOR VALUES ('55667788','Ramirez','Maria','1976-08-04','AGREGADO','2003-09-15','104');
INSERT INTO PROFESOR VALUES ('99001122','Martinez','Luisa','1980-08-04','AGREGADO','2003-09-15','105');
INSERT INTO PROFESOR VALUES ('33445566','Rodriguez','Jose','1968-05-05','AGREGADO','2003-09-15','106');
INSERT INTO PROFESOR VALUES ('77889900','Benitez','Eduardo','1956-04-19','AGREGADO','2003-09-15','107');
INSERT INTO PROFESOR VALUES ('10293847','Hernandez','Manuel','1970-02-18','AGREGADO','2003-09-15','108');
INSERT INTO PROFESOR VALUES ('56473829','Gomez','Alejandra','1977-05-30','AGREGADO','2003-09-15','109');
INSERT INTO PROFESOR VALUES ('19472830','Romero','Daniela','1981-04-04','AGREGADO','2003-09-15','110');
INSERT INTO PROFESOR VALUES ('73756912','Marcano','Gustavo','1966-11-14','TITULAR','2007-09-15','101');
INSERT INTO PROFESOR VALUES ('20209199','Vasquez','Jorge','1969-03-29','ASOCIADO','1999-09-15','102');
INSERT INTO PROFESOR VALUES ('34439810','Sanchez','Patricia','1970-09-12','TITULAR','1991-09-15','103');
INSERT INTO PROFESOR VALUES ('77299144','Lozada','Luis','1975-12-06','TITULAR','2003-09-15','104');
INSERT INTO PROFESOR VALUES ('77388021','Carrillo','Miguel','1964-10-17','ASOCIADO','2003-09-15','105');
INSERT INTO PROFESOR VALUES ('23384444','Rivas','Francisco','1961-07-21','TITULAR','2003-09-15','106');
INSERT INTO PROFESOR VALUES ('15000128','Mendez','Diego','1959-04-23','AGREGADO','2003-09-15','107');
INSERT INTO PROFESOR VALUES ('49920100','Rojas','Juan','1965-05-14','TITULAR','2003-09-15','108');
INSERT INTO PROFESOR VALUES ('39455022','Silva','Humberto','1981-01-08','ASOCIADO','2003-09-15','109');
INSERT INTO PROFESOR VALUES ('29919023','Leon','Ricardo','1978-01-10','TITULAR','2003-09-15','110');

/*
 *	Inserciones de tuplas de DICTA
 */

INSERT INTO DICTA VALUES ('12345678','MM0002','ENERO',2014,1,30,0);
INSERT INTO DICTA VALUES ('12345678','MM0003','ABRIL',2014,1,20,1);
INSERT INTO DICTA VALUES ('11122333','PP0001','ENERO',2015,1,35,4);
INSERT INTO DICTA VALUES ('11122333','MM0004','SEPTIEMBRE',2014,1,18,2);
INSERT INTO DICTA VALUES ('87654321','PP0002','ENERO',2015,1,40,2);
INSERT INTO DICTA VALUES ('55667788','AA0001','ENERO',2015,1,70,0);
INSERT INTO DICTA VALUES ('55667788','AA0002','ENERO',2015,1,14,0);
INSERT INTO DICTA VALUES ('99001122','MA0001','ENERO',2015,1,44,8);
INSERT INTO DICTA VALUES ('99001122','MA0003','ENERO',2015,1,37,1);
INSERT INTO DICTA VALUES ('33445566','FI0002','ENERO',2015,1,43,1);
INSERT INTO DICTA VALUES ('33445566','FI0003','ENERO',2015,1,60,0);
INSERT INTO DICTA VALUES ('77889900','QU0001','ENERO',2015,1,90,3);
INSERT INTO DICTA VALUES ('10293847','EG0001','ENERO',2015,1,56,0);
INSERT INTO DICTA VALUES ('56473829','GE0001','ENERO',2015,1,45,1);
INSERT INTO DICTA VALUES ('19472830','ID0002','ENERO',2015,1,19,0);
INSERT INTO DICTA VALUES ('19472830','ID0002','ENERO',2015,2,12,1);
INSERT INTO DICTA VALUES ('73756912','MM0001','SEPTIEMBRE',2013,1,34,3);
INSERT INTO DICTA VALUES ('73756912','MM0001','ENERO',2015,1,34,3);
INSERT INTO DICTA VALUES ('73756912','MM0003','ABRIL',2014,2,37,0);
INSERT INTO DICTA VALUES ('20209199','MM0004','SEPTIEMBRE',2014,2,40,3);
INSERT INTO DICTA VALUES ('34439810','PP0002','ENERO',2015,2,32,0);
INSERT INTO DICTA VALUES ('77299144','AA0003','ENERO',2015,1,29,1);
INSERT INTO DICTA VALUES ('77388021','MA0002','ENERO',2015,1,45,5);
INSERT INTO DICTA VALUES ('23384444','FI0001','ABRIL',2014,1,70,0);
INSERT INTO DICTA VALUES ('15000128','QU0001','ENERO',2015,2,80,0);
INSERT INTO DICTA VALUES ('49920100','EG0002','ENERO',2015,1,16,0);
INSERT INTO DICTA VALUES ('39455022','GE0001','ENERO',2015,2,29,0);
INSERT INTO DICTA VALUES ('29919023','ID0003','ENERO',2015,1,80,0);

