ALTER SESSION SET NLS_DATE_FORMAT="YYYY-MM-DD";



INSERT INTO DEPARTAMENTO VALUES('Fruteria',null);
INSERT INTO DEPARTAMENTO VALUES('Carniceria',null);
INSERT INTO DEPARTAMENTO VALUES('Charcuteria',null);
INSERT INTO DEPARTAMENTO VALUES('Licoreria',null);
INSERT INTO DEPARTAMENTO VALUES('Estanteria',null);
INSERT INTO DEPARTAMENTO VALUES('Pescaderia',null);
INSERT INTO DEPARTAMENTO VALUES('Perfumeria',null);


INSERT INTO TRABAJADOR VALUES(84848484,'Laura','Matute Arocha','1980-09-27','02123456789',NULL,'La Boyera','Fruteria');                                                                                
INSERT INTO TRABAJADOR VALUES(83838383,'Arnaldo','Martinez Gutierrez','1984-03-16','02126668899',NULL,'El Paraiso','Estanteria');                                                                      
INSERT INTO TRABAJADOR VALUES(71253025,'Ana Maria','Sandoval Pereira','1974-12-24','02123456789',NULL,'San Bernandino','Perfumeria');                                                                  
INSERT INTO TRABAJADOR VALUES(12121212,'Eduardo Jos?','P?rez G?mez','1985-01-23','02127851325',NULL,'La Urbina','Licoreria');                                                                          
INSERT INTO TRABAJADOR VALUES(11111111,'Juan Andr?s','Pati?o Colina','1970-03-24','02128422522',NULL,'Caricuao','Carniceria');                                                                         
INSERT INTO TRABAJADOR VALUES(86868383,'Luis Carlos','Sosa M?laga','1973-02-20','02124438899',NULL,'La Boyera','Fruteria');                                                                            
INSERT INTO TRABAJADOR VALUES(24242424,'Ernesto','Armas Estrada','1971-01-25','02129860877',NULL,'La Trinidad','Charcuteria');                                                                         
INSERT INTO TRABAJADOR VALUES(44545454,'Angel Ram?n','Le?n P?rez','1977-04-27','02128885500',NULL,'La Boyera','Pescaderia');                                                                           
INSERT INTO TRABAJADOR VALUES(99151000,'Margarita','P?rez Pinto','1972-05-08','02128238498',NULL,'El Paraiso','Perfumeria');                                                                           
INSERT INTO TRABAJADOR VALUES(33343536,'Emilia Karina','Namias N??ez','1982-03-05','02125693177',NULL,'La Boyera','Fruteria');                                                                         
INSERT INTO TRABAJADOR VALUES(56575859,'Dario Alfredo','Nazaret Largo','1969-11-30','02124616896',NULL,'San Bernandino','Licoreria');                                                                  
INSERT INTO TRABAJADOR VALUES(2352900,'Arturo','Herrera Martinez','1981-11-17','02123428554',NULL,'La Urbina','Charcuteria');                                                                          
INSERT INTO TRABAJADOR VALUES(28282828,'Daniel','Ferrer Marcano','1986-03-29','02126541238',NULL,'San Bernandino','Licoreria');                                                                        
INSERT INTO TRABAJADOR VALUES(99010203,'Alfonzo Miguel','Adrianzen Gutierrez','1970-04-29','02127771625',NULL,'Caricuao','Carniceria');                                                                
INSERT INTO TRABAJADOR VALUES(77778888,'Ra?l Ernesto','Maes Marcano','1973-08-15','02128241170',NULL,'Caricuao','Charcuteria');                                                                        


INSERT INTO HORARIO VALUES('Lunes','Matutino','06:00','12:00');
INSERT INTO HORARIO VALUES('Martes','Matutino','06:00','12:00');
INSERT INTO HORARIO VALUES('Miercoles','Matutino','06:00','12:00');
INSERT INTO HORARIO VALUES('Jueves','Matutino','06:00','12:00');
INSERT INTO HORARIO VALUES('Viernes','Matutino','06:00','12:00');
INSERT INTO HORARIO VALUES('Sabado','Matutino','06:00','12:00');
INSERT INTO HORARIO VALUES('Domingo','Matutino','06:00','12:00');
INSERT INTO HORARIO VALUES('Lunes','Vespertino','12:00','18:00');
INSERT INTO HORARIO VALUES('Martes','Vespertino','12:00','18:00');
INSERT INTO HORARIO VALUES('Miercoles','Vespertino','12:00','18:00');
INSERT INTO HORARIO VALUES('Jueves','Vespertino','12:00','18:00');
INSERT INTO HORARIO VALUES('Viernes','Vespertino','12:00','18:00');
INSERT INTO HORARIO VALUES('Sabado','Vespertino','12:00','18:00');
INSERT INTO HORARIO VALUES('Domingo','Vespertino','12:00','18:00');
INSERT INTO HORARIO VALUES('Lunes','Nocturno','18:00','24:00');
INSERT INTO HORARIO VALUES('Martes','Nocturno','18:00','24:00');
INSERT INTO HORARIO VALUES('Miercoles','Nocturno','18:00','24:00');
INSERT INTO HORARIO VALUES('Jueves','Nocturno','18:00','24:00');
INSERT INTO HORARIO VALUES('Viernes','Nocturno','18:00','24:00');
INSERT INTO HORARIO VALUES('Sabado','Nocturno','18:00','24:00');
INSERT INTO HORARIO VALUES('Domingo','Nocturno','06:00','12:00');


INSERT INTO HIJO VALUES(71253025,'Jose M. Perez S.','1999-08-07');                                                                                                                                      
INSERT INTO HIJO VALUES(71253025,'Laura G. Perez S.','1999-08-07');                                                                                                                                     
INSERT INTO HIJO VALUES(11111111,'Juan R. Pati?o M.','2000-09-25');                                                                                                                                     
INSERT INTO HIJO VALUES(86868383,'Luis G. Sosa P.','1995-07-30');                                                                                                                                       
INSERT INTO HIJO VALUES(86868383,'Ana M. Sosa P.','1998-11-29');                                                                                                                                        
INSERT INTO HIJO VALUES(86868383,'Maria E. Sosa P.','2001-06-09');                                                                                                                                      
INSERT INTO HIJO VALUES(86868383,'Jos? G. Sosa P.','2001-10-26');                                                                                                                                       
INSERT INTO HIJO VALUES(24242424,'Ernesto G. Armas R.','1995-09-20');                                                                                                                                   
INSERT INTO HIJO VALUES(44545454,'Pedro P. Leon M.','2004-01-19');                                                                                                                                      
INSERT INTO HIJO VALUES(99151000,'Margarita M. Garcia P.','1999-03-09');                                                                                                                                
INSERT INTO HIJO VALUES(56575859,'Dario P. Nazareth L.','1997-05-22');                                                                                                                                  
INSERT INTO HIJO VALUES(77778888,'Daniela Maes','1998-04-27');                                                                                                                                          
INSERT INTO HIJO VALUES(77778888,'Luis Maes','2002-12-31');     



INSERT INTO PLANIFICACION VALUES('2008-02-11','2008-02-17',84848484);                                                                                                                                   
INSERT INTO PLANIFICACION VALUES('2008-02-11','2008-02-17',83838383);                                                                                                                                   
INSERT INTO PLANIFICACION VALUES('2008-02-11','2008-02-17',71253025);                                                                                                                                   
INSERT INTO PLANIFICACION VALUES('2008-02-11','2008-02-17',12121212);                                                                                                                                   
INSERT INTO PLANIFICACION VALUES('2008-02-11','2008-02-17',11111111);                                                                                                                                   
INSERT INTO PLANIFICACION VALUES('2008-02-11','2008-02-17',86868383);                                                                                                                                   
INSERT INTO PLANIFICACION VALUES('2008-02-11','2008-02-17',24242424);                                                                                                                                   
INSERT INTO PLANIFICACION VALUES('2008-02-11','2008-02-17',44545454);                                                                                                                                   
INSERT INTO PLANIFICACION VALUES('2008-02-11','2008-02-17',99151000);                                                                                                                                   
INSERT INTO PLANIFICACION VALUES('2008-02-11','2008-02-17',33343536);                                                                                                                                   
INSERT INTO PLANIFICACION VALUES('2008-02-11','2008-02-17',56575859);                                                                                                                                   
INSERT INTO PLANIFICACION VALUES('2008-02-11','2008-02-17',77778888);                                                                                                                                   
INSERT INTO PLANIFICACION VALUES('2008-02-11','2008-02-17',99010203);                                                                                                                                   
INSERT INTO PLANIFICACION VALUES('2008-02-18','2008-02-24',28282828);                                                                                                                                   
INSERT INTO PLANIFICACION VALUES('2008-02-18','2008-02-24',2352900);                                                                                                                                    


INSERT INTO INCLUYE VALUES('2008-02-18','2008-02-24',2352900,'Lunes','Matutino','1');                                                                                                                   
INSERT INTO INCLUYE VALUES('2008-02-18','2008-02-24',2352900,'Martes','Matutino','1');                                                                                                                  
INSERT INTO INCLUYE VALUES('2008-02-18','2008-02-24',2352900,'Miercoles','Matutino','1');                                                                                                               
INSERT INTO INCLUYE VALUES('2008-02-18','2008-02-24',2352900,'Jueves','Matutino','1');                                                                                                                  
INSERT INTO INCLUYE VALUES('2008-02-18','2008-02-24',2352900,'Viernes','Matutino','1');                                                                                                                 
INSERT INTO INCLUYE VALUES('2008-02-18','2008-02-24',2352900,'Sabado','Matutino','1');                                                                                                                  
INSERT INTO INCLUYE VALUES('2008-02-18','2008-02-24',2352900,'Domingo','Matutino','1');                                                                                                                 
INSERT INTO INCLUYE VALUES('2008-02-11','2008-02-17',84848484,'Lunes','Vespertino','1');                                                                                                                
INSERT INTO INCLUYE VALUES('2008-02-11','2008-02-17',84848484,'Martes','Vespertino','0');                                                                                                               
INSERT INTO INCLUYE VALUES('2008-02-11','2008-02-17',84848484,'Miercoles','Vespertino','0');                                                                                                            
INSERT INTO INCLUYE VALUES('2008-02-11','2008-02-17',84848484,'Jueves','Vespertino','0');                                                                                                               
INSERT INTO INCLUYE VALUES('2008-02-11','2008-02-17',84848484,'Viernes','Vespertino','1');                                                                                                              
INSERT INTO INCLUYE VALUES('2008-02-11','2008-02-17',84848484,'Sabado','Vespertino','1');                                                                                                               
INSERT INTO INCLUYE VALUES('2008-02-11','2008-02-17',84848484,'Domingo','Vespertino','1');                                                                                                              
INSERT INTO INCLUYE VALUES('2008-02-11','2008-02-17',83838383,'Lunes','Nocturno','1');                                                                                                                  
INSERT INTO INCLUYE VALUES('2008-02-11','2008-02-17',83838383,'Martes','Nocturno','1');                                                                                                                 
INSERT INTO INCLUYE VALUES('2008-02-11','2008-02-17',83838383,'Miercoles','Nocturno','1');                                                                                                              
INSERT INTO INCLUYE VALUES('2008-02-11','2008-02-17',83838383,'Jueves','Nocturno','1');                                                                                                                 
INSERT INTO INCLUYE VALUES('2008-02-11','2008-02-17',83838383,'Viernes','Nocturno','1');                                                                                                                
INSERT INTO INCLUYE VALUES('2008-02-11','2008-02-17',83838383,'Sabado','Nocturno','1');                                                                                                                 
INSERT INTO INCLUYE VALUES('2008-02-11','2008-02-17',83838383,'Domingo','Nocturno','1');                                                                                                                
INSERT INTO INCLUYE VALUES('2008-02-11','2008-02-17',71253025,'Lunes','Matutino','1');                                                                                                                  
INSERT INTO INCLUYE VALUES('2008-02-11','2008-02-17',71253025,'Martes','Matutino','1');                                                                                                                 
INSERT INTO INCLUYE VALUES('2008-02-11','2008-02-17',71253025,'Miercoles','Matutino','0');                                                                                                              
INSERT INTO INCLUYE VALUES('2008-02-11','2008-02-17',71253025,'Jueves','Matutino','1');                                                                                                                 
INSERT INTO INCLUYE VALUES('2008-02-11','2008-02-17',71253025,'Viernes','Matutino','1');                                                                                                                
INSERT INTO INCLUYE VALUES('2008-02-11','2008-02-17',71253025,'Sabado','Matutino','1');                                                                                                                 
INSERT INTO INCLUYE VALUES('2008-02-11','2008-02-17',71253025,'Domingo','Matutino','1');                                                                                                                
INSERT INTO INCLUYE VALUES('2008-02-11','2008-02-17',12121212,'Lunes','Nocturno','1');                                                                                                                  
INSERT INTO INCLUYE VALUES('2008-02-11','2008-02-17',12121212,'Martes','Nocturno','1');                                                                                                                 
INSERT INTO INCLUYE VALUES('2008-02-11','2008-02-17',12121212,'Miercoles','Nocturno','1');                                                                                                              
INSERT INTO INCLUYE VALUES('2008-02-11','2008-02-17',12121212,'Jueves','Nocturno','1');                                                                                                                 
INSERT INTO INCLUYE VALUES('2008-02-11','2008-02-17',12121212,'Viernes','Nocturno','1');                                                                                                                
INSERT INTO INCLUYE VALUES('2008-02-11','2008-02-17',12121212,'Sabado','Nocturno','1');                                                                                                                 
INSERT INTO INCLUYE VALUES('2008-02-11','2008-02-17',12121212,'Domingo','Nocturno','1');                                                                                                                
INSERT INTO INCLUYE VALUES('2008-02-11','2008-02-17',11111111,'Lunes','Vespertino','1');                                                                                                                
INSERT INTO INCLUYE VALUES('2008-02-11','2008-02-17',11111111,'Martes','Vespertino','0');                                                                                                               
INSERT INTO INCLUYE VALUES('2008-02-11','2008-02-17',11111111,'Miercoles','Vespertino','0');                                                                                                            
INSERT INTO INCLUYE VALUES('2008-02-11','2008-02-17',11111111,'Jueves','Vespertino','0');                                                                                                               
INSERT INTO INCLUYE VALUES('2008-02-11','2008-02-17',11111111,'Viernes','Vespertino','1');                                                                                                              
INSERT INTO INCLUYE VALUES('2008-02-11','2008-02-17',11111111,'Sabado','Vespertino','1');                                                                                                               
INSERT INTO INCLUYE VALUES('2008-02-11','2008-02-17',11111111,'Domingo','Vespertino','1');                                                                                                              
INSERT INTO INCLUYE VALUES('2008-02-11','2008-02-17',86868383,'Lunes','Vespertino','1');                                                                                                                
INSERT INTO INCLUYE VALUES('2008-02-11','2008-02-17',86868383,'Martes','Vespertino','1');                                                                                                               
INSERT INTO INCLUYE VALUES('2008-02-11','2008-02-17',86868383,'Miercoles','Vespertino','1');                                                                                                            
INSERT INTO INCLUYE VALUES('2008-02-11','2008-02-17',86868383,'Jueves','Vespertino','1');                                                                                                               
INSERT INTO INCLUYE VALUES('2008-02-11','2008-02-17',86868383,'Viernes','Vespertino','1');                                                                                                              
INSERT INTO INCLUYE VALUES('2008-02-11','2008-02-17',86868383,'Sabado','Vespertino','1');                                                                                                               
INSERT INTO INCLUYE VALUES('2008-02-11','2008-02-17',86868383,'Domingo','Vespertino','1');                                                                                                              
INSERT INTO INCLUYE VALUES('2008-02-11','2008-02-17',24242424,'Lunes','Matutino','1');                                                                                                                  
INSERT INTO INCLUYE VALUES('2008-02-11','2008-02-17',24242424,'Martes','Matutino','1');                                                                                                                 
INSERT INTO INCLUYE VALUES('2008-02-11','2008-02-17',24242424,'Miercoles','Matutino','1');                                                                                                              
INSERT INTO INCLUYE VALUES('2008-02-11','2008-02-17',24242424,'Jueves','Matutino','1');                                                                                                                 
INSERT INTO INCLUYE VALUES('2008-02-11','2008-02-17',24242424,'Viernes','Matutino','1');                                                                                                                
INSERT INTO INCLUYE VALUES('2008-02-11','2008-02-17',24242424,'Sabado','Matutino','1');                                                                                                                 
INSERT INTO INCLUYE VALUES('2008-02-11','2008-02-17',24242424,'Domingo','Matutino','1');                                                                                                                
INSERT INTO INCLUYE VALUES('2008-02-18','2008-02-24',28282828,'Lunes','Matutino','1');                                                                                                                  
INSERT INTO INCLUYE VALUES('2008-02-18','2008-02-24',28282828,'Martes','Matutino','1');                                                                                                                 
INSERT INTO INCLUYE VALUES('2008-02-18','2008-02-24',28282828,'Miercoles','Matutino','1');                                                                                                              
INSERT INTO INCLUYE VALUES('2008-02-18','2008-02-24',28282828,'Jueves','Matutino','1');                                                                                                                 
INSERT INTO INCLUYE VALUES('2008-02-18','2008-02-24',28282828,'Viernes','Matutino','1');                                                                                                                
INSERT INTO INCLUYE VALUES('2008-02-18','2008-02-24',28282828,'Sabado','Matutino','1');                                                                                                                 
INSERT INTO INCLUYE VALUES('2008-02-18','2008-02-24',28282828,'Domingo','Matutino','1');                                                                                                                
INSERT INTO INCLUYE VALUES('2008-02-11','2008-02-17',44545454,'Lunes','Nocturno','1');                                                                                                                  
INSERT INTO INCLUYE VALUES('2008-02-11','2008-02-17',44545454,'Martes','Nocturno','1');                                                                                                                 
INSERT INTO INCLUYE VALUES('2008-02-11','2008-02-17',44545454,'Miercoles','Nocturno','1');                                                                                                              
INSERT INTO INCLUYE VALUES('2008-02-11','2008-02-17',44545454,'Jueves','Nocturno','1');                                                                                                                 
INSERT INTO INCLUYE VALUES('2008-02-11','2008-02-17',44545454,'Viernes','Nocturno','1');                                                                                                                
INSERT INTO INCLUYE VALUES('2008-02-11','2008-02-17',44545454,'Sabado','Nocturno','1');                                                                                                                 
INSERT INTO INCLUYE VALUES('2008-02-11','2008-02-17',44545454,'Domingo','Nocturno','1');                                                                                                                
INSERT INTO INCLUYE VALUES('2008-02-11','2008-02-17',99151000,'Lunes','Nocturno','1');                                                                                                                  
INSERT INTO INCLUYE VALUES('2008-02-11','2008-02-17',99151000,'Martes','Nocturno','1');                                                                                                                 
INSERT INTO INCLUYE VALUES('2008-02-11','2008-02-17',99151000,'Miercoles','Nocturno','1');                                                                                                              
INSERT INTO INCLUYE VALUES('2008-02-11','2008-02-17',99151000,'Jueves','Nocturno','1');                                                                                                                 
INSERT INTO INCLUYE VALUES('2008-02-11','2008-02-17',99151000,'Viernes','Nocturno','1');                                                                                                                
INSERT INTO INCLUYE VALUES('2008-02-11','2008-02-17',99151000,'Sabado','Nocturno','1');                                                                                                                 
INSERT INTO INCLUYE VALUES('2008-02-11','2008-02-17',99151000,'Domingo','Nocturno','1');                                                                                                                
INSERT INTO INCLUYE VALUES('2008-02-11','2008-02-17',33343536,'Lunes','Matutino','1');                                                                                                                  
INSERT INTO INCLUYE VALUES('2008-02-11','2008-02-17',33343536,'Martes','Matutino','1');                                                                                                                 
INSERT INTO INCLUYE VALUES('2008-02-11','2008-02-17',33343536,'Miercoles','Matutino','1');                                                                                                              
INSERT INTO INCLUYE VALUES('2008-02-11','2008-02-17',33343536,'Jueves','Matutino','1');                                                                                                                 
INSERT INTO INCLUYE VALUES('2008-02-11','2008-02-17',33343536,'Viernes','Matutino','1');                                                                                                                
INSERT INTO INCLUYE VALUES('2008-02-11','2008-02-17',33343536,'Sabado','Matutino','1');                                                                                                                 
INSERT INTO INCLUYE VALUES('2008-02-11','2008-02-17',33343536,'Domingo','Matutino','1');                                                                                                                
INSERT INTO INCLUYE VALUES('2008-02-11','2008-02-17',56575859,'Lunes','Matutino','1');                                                                                                                  
INSERT INTO INCLUYE VALUES('2008-02-11','2008-02-17',56575859,'Martes','Matutino','1');                                                                                                                 
INSERT INTO INCLUYE VALUES('2008-02-11','2008-02-17',56575859,'Miercoles','Matutino','1');                                                                                                              
INSERT INTO INCLUYE VALUES('2008-02-11','2008-02-17',56575859,'Jueves','Matutino','1');                                                                                                                 
INSERT INTO INCLUYE VALUES('2008-02-11','2008-02-17',56575859,'Viernes','Matutino','1');                                                                                                                
INSERT INTO INCLUYE VALUES('2008-02-11','2008-02-17',56575859,'Sabado','Matutino','1');                                                                                                                 
INSERT INTO INCLUYE VALUES('2008-02-11','2008-02-17',56575859,'Domingo','Matutino','1');                                                                                                                


INSERT INTO ESTABLECE VALUES('Fruteria','Lunes','Matutino',20000.00);
INSERT INTO ESTABLECE VALUES('Fruteria','Martes','Matutino',22000.00);
INSERT INTO ESTABLECE VALUES('Fruteria','Miercoles','Matutino',24000.00);
INSERT INTO ESTABLECE VALUES('Fruteria','Jueves','Matutino',26000.00);
INSERT INTO ESTABLECE VALUES('Fruteria','Viernes','Matutino',28000.00);
INSERT INTO ESTABLECE VALUES('Fruteria','Sabado','Matutino',30000.00);
INSERT INTO ESTABLECE VALUES('Fruteria','Domingo','Matutino',35000.00);
INSERT INTO ESTABLECE VALUES('Fruteria','Lunes','Vespertino',30000.00);
INSERT INTO ESTABLECE VALUES('Fruteria','Martes','Vespertino',32000.00);
INSERT INTO ESTABLECE VALUES('Fruteria','Miercoles','Vespertino',34000.00);
INSERT INTO ESTABLECE VALUES('Fruteria','Jueves','Vespertino',36000.00);
INSERT INTO ESTABLECE VALUES('Fruteria','Viernes','Vespertino',38000.00);
INSERT INTO ESTABLECE VALUES('Fruteria','Sabado','Vespertino',40000.00);
INSERT INTO ESTABLECE VALUES('Fruteria','Domingo','Vespertino',45000.00);
INSERT INTO ESTABLECE VALUES('Fruteria','Lunes','Nocturno',40000.00);
INSERT INTO ESTABLECE VALUES('Fruteria','Martes','Nocturno',42000.00);
INSERT INTO ESTABLECE VALUES('Fruteria','Miercoles','Nocturno',44000.00);
INSERT INTO ESTABLECE VALUES('Fruteria','Jueves','Nocturno',46000.00);
INSERT INTO ESTABLECE VALUES('Fruteria','Viernes','Nocturno',48000.00);
INSERT INTO ESTABLECE VALUES('Fruteria','Sabado','Nocturno',50000.00);
INSERT INTO ESTABLECE VALUES('Fruteria','Domingo','Nocturno',55000.00);
INSERT INTO ESTABLECE VALUES('Licoreria','Lunes','Matutino',20500.00);
INSERT INTO ESTABLECE VALUES('Licoreria','Martes','Matutino',22500.00);
INSERT INTO ESTABLECE VALUES('Licoreria','Miercoles','Matutino',24500.00);
INSERT INTO ESTABLECE VALUES('Licoreria','Jueves','Matutino',26500.00);
INSERT INTO ESTABLECE VALUES('Licoreria','Viernes','Matutino',28500.00);
INSERT INTO ESTABLECE VALUES('Licoreria','Sabado','Matutino',30500.00);
INSERT INTO ESTABLECE VALUES('Licoreria','Domingo','Matutino',35500.00);
INSERT INTO ESTABLECE VALUES('Licoreria','Lunes','Vespertino',30500.00);
INSERT INTO ESTABLECE VALUES('Licoreria','Martes','Vespertino',32500.00);
INSERT INTO ESTABLECE VALUES('Licoreria','Miercoles','Vespertino',34500.00);
INSERT INTO ESTABLECE VALUES('Licoreria','Jueves','Vespertino',36500.00);
INSERT INTO ESTABLECE VALUES('Licoreria','Viernes','Vespertino',38500.00);
INSERT INTO ESTABLECE VALUES('Licoreria','Sabado','Vespertino',40500.00);
INSERT INTO ESTABLECE VALUES('Licoreria','Domingo','Vespertino',45500.00);
INSERT INTO ESTABLECE VALUES('Licoreria','Lunes','Nocturno',40500.00);
INSERT INTO ESTABLECE VALUES('Licoreria','Martes','Nocturno',42500.00);
INSERT INTO ESTABLECE VALUES('Licoreria','Miercoles','Nocturno',44500.00);
INSERT INTO ESTABLECE VALUES('Licoreria','Jueves','Nocturno',46500.00);
INSERT INTO ESTABLECE VALUES('Licoreria','Viernes','Nocturno',48500.00);
INSERT INTO ESTABLECE VALUES('Licoreria','Sabado','Nocturno',50500.00);
INSERT INTO ESTABLECE VALUES('Licoreria','Domingo','Nocturno',55500.00);
INSERT INTO ESTABLECE VALUES('Carniceria','Lunes','Matutino',30500.00);
INSERT INTO ESTABLECE VALUES('Carniceria','Martes','Matutino',32500.00);
INSERT INTO ESTABLECE VALUES('Carniceria','Miercoles','Matutino',34500.00);
INSERT INTO ESTABLECE VALUES('Carniceria','Jueves','Matutino',36500.00);
INSERT INTO ESTABLECE VALUES('Carniceria','Viernes','Matutino',38500.00);
INSERT INTO ESTABLECE VALUES('Carniceria','Sabado','Matutino',40500.00);
INSERT INTO ESTABLECE VALUES('Carniceria','Domingo','Matutino',45500.00);
INSERT INTO ESTABLECE VALUES('Carniceria','Lunes','Vespertino',40500.00);
INSERT INTO ESTABLECE VALUES('Carniceria','Martes','Vespertino',42500.00);
INSERT INTO ESTABLECE VALUES('Carniceria','Miercoles','Vespertino',44500.00);
INSERT INTO ESTABLECE VALUES('Carniceria','Jueves','Vespertino',46500.00);
INSERT INTO ESTABLECE VALUES('Carniceria','Viernes','Vespertino',48500.00);
INSERT INTO ESTABLECE VALUES('Carniceria','Sabado','Vespertino',50500.00);
INSERT INTO ESTABLECE VALUES('Carniceria','Domingo','Vespertino',55500.00);
INSERT INTO ESTABLECE VALUES('Carniceria','Lunes','Nocturno',50500.00);
INSERT INTO ESTABLECE VALUES('Carniceria','Martes','Nocturno',52500.00);
INSERT INTO ESTABLECE VALUES('Carniceria','Miercoles','Nocturno',54500.00);
INSERT INTO ESTABLECE VALUES('Carniceria','Jueves','Nocturno',56500.00);
INSERT INTO ESTABLECE VALUES('Carniceria','Viernes','Nocturno',58500.00);
INSERT INTO ESTABLECE VALUES('Carniceria','Sabado','Nocturno',60500.00);
INSERT INTO ESTABLECE VALUES('Carniceria','Domingo','Nocturno',65500.00);
INSERT INTO ESTABLECE VALUES('Charcuteria','Lunes','Matutino',20500.00);
INSERT INTO ESTABLECE VALUES('Charcuteria','Martes','Matutino',22500.00);
INSERT INTO ESTABLECE VALUES('Charcuteria','Miercoles','Matutino',24500.00);
INSERT INTO ESTABLECE VALUES('Charcuteria','Jueves','Matutino',26500.00);
INSERT INTO ESTABLECE VALUES('Charcuteria','Viernes','Matutino',28500.00);
INSERT INTO ESTABLECE VALUES('Charcuteria','Sabado','Matutino',30500.00);
INSERT INTO ESTABLECE VALUES('Charcuteria','Domingo','Matutino',35500.00);
INSERT INTO ESTABLECE VALUES('Charcuteria','Lunes','Vespertino',30500.00);
INSERT INTO ESTABLECE VALUES('Charcuteria','Martes','Vespertino',32500.00);
INSERT INTO ESTABLECE VALUES('Charcuteria','Miercoles','Vespertino',34500.00);
INSERT INTO ESTABLECE VALUES('Charcuteria','Jueves','Vespertino',36500.00);
INSERT INTO ESTABLECE VALUES('Charcuteria','Viernes','Vespertino',38500.00);
INSERT INTO ESTABLECE VALUES('Charcuteria','Sabado','Vespertino',40500.00);
INSERT INTO ESTABLECE VALUES('Charcuteria','Domingo','Vespertino',45500.00);
INSERT INTO ESTABLECE VALUES('Charcuteria','Lunes','Nocturno',40500.00);
INSERT INTO ESTABLECE VALUES('Charcuteria','Martes','Nocturno',42500.00);
INSERT INTO ESTABLECE VALUES('Charcuteria','Miercoles','Nocturno',44500.00);
INSERT INTO ESTABLECE VALUES('Charcuteria','Jueves','Nocturno',46500.00);
INSERT INTO ESTABLECE VALUES('Charcuteria','Viernes','Nocturno',48500.00);
INSERT INTO ESTABLECE VALUES('Charcuteria','Sabado','Nocturno',50500.00);
INSERT INTO ESTABLECE VALUES('Charcuteria','Domingo','Nocturno',55500.00);
INSERT INTO ESTABLECE VALUES('Pescaderia','Lunes','Matutino',20000.00);
INSERT INTO ESTABLECE VALUES('Pescaderia','Martes','Matutino',22000.00);
INSERT INTO ESTABLECE VALUES('Pescaderia','Miercoles','Matutino',24000.00);
INSERT INTO ESTABLECE VALUES('Pescaderia','Jueves','Matutino',26000.00);
INSERT INTO ESTABLECE VALUES('Pescaderia','Viernes','Matutino',28000.00);
INSERT INTO ESTABLECE VALUES('Pescaderia','Sabado','Matutino',30000.00);
INSERT INTO ESTABLECE VALUES('Pescaderia','Domingo','Matutino',35000.00);
INSERT INTO ESTABLECE VALUES('Pescaderia','Lunes','Vespertino',30000.00);
INSERT INTO ESTABLECE VALUES('Pescaderia','Martes','Vespertino',32000.00);
INSERT INTO ESTABLECE VALUES('Pescaderia','Miercoles','Vespertino',34000.00);
INSERT INTO ESTABLECE VALUES('Pescaderia','Jueves','Vespertino',36000.00);
INSERT INTO ESTABLECE VALUES('Pescaderia','Viernes','Vespertino',38000.00);
INSERT INTO ESTABLECE VALUES('Pescaderia','Sabado','Vespertino',40000.00);
INSERT INTO ESTABLECE VALUES('Pescaderia','Domingo','Vespertino',45000.00);
INSERT INTO ESTABLECE VALUES('Pescaderia','Lunes','Nocturno',40000.00);
INSERT INTO ESTABLECE VALUES('Pescaderia','Martes','Nocturno',42000.00);
INSERT INTO ESTABLECE VALUES('Pescaderia','Miercoles','Nocturno',44000.00);
INSERT INTO ESTABLECE VALUES('Pescaderia','Jueves','Nocturno',46000.00);
INSERT INTO ESTABLECE VALUES('Pescaderia','Viernes','Nocturno',48000.00);
INSERT INTO ESTABLECE VALUES('Pescaderia','Sabado','Nocturno',50000.00);
INSERT INTO ESTABLECE VALUES('Pescaderia','Domingo','Nocturno',55000.00);
INSERT INTO ESTABLECE VALUES('Estanteria','Lunes','Matutino',20500.00);
INSERT INTO ESTABLECE VALUES('Estanteria','Martes','Matutino',22500.00);
INSERT INTO ESTABLECE VALUES('Estanteria','Miercoles','Matutino',24500.00);
INSERT INTO ESTABLECE VALUES('Estanteria','Jueves','Matutino',26500.00);
INSERT INTO ESTABLECE VALUES('Estanteria','Viernes','Matutino',28500.00);
INSERT INTO ESTABLECE VALUES('Estanteria','Sabado','Matutino',30500.00);
INSERT INTO ESTABLECE VALUES('Estanteria','Domingo','Matutino',35500.00);
INSERT INTO ESTABLECE VALUES('Estanteria','Lunes','Vespertino',30500.00);
INSERT INTO ESTABLECE VALUES('Estanteria','Martes','Vespertino',32500.00);
INSERT INTO ESTABLECE VALUES('Estanteria','Miercoles','Vespertino',34500.00);
INSERT INTO ESTABLECE VALUES('Estanteria','Jueves','Vespertino',36500.00);
INSERT INTO ESTABLECE VALUES('Estanteria','Viernes','Vespertino',38500.00);
INSERT INTO ESTABLECE VALUES('Estanteria','Sabado','Vespertino',40500.00);
INSERT INTO ESTABLECE VALUES('Estanteria','Domingo','Vespertino',45500.00);
INSERT INTO ESTABLECE VALUES('Estanteria','Lunes','Nocturno',40500.00);
INSERT INTO ESTABLECE VALUES('Estanteria','Martes','Nocturno',42500.00);
INSERT INTO ESTABLECE VALUES('Estanteria','Miercoles','Nocturno',44500.00);
INSERT INTO ESTABLECE VALUES('Estanteria','Jueves','Nocturno',46500.00);
INSERT INTO ESTABLECE VALUES('Estanteria','Viernes','Nocturno',48500.00);
INSERT INTO ESTABLECE VALUES('Estanteria','Sabado','Nocturno',50500.00);
INSERT INTO ESTABLECE VALUES('Estanteria','Domingo','Nocturno',55500.00);
INSERT INTO ESTABLECE VALUES('Perfumeria','Lunes','Matutino',30500.00);
INSERT INTO ESTABLECE VALUES('Perfumeria','Martes','Matutino',32500.00);
INSERT INTO ESTABLECE VALUES('Perfumeria','Miercoles','Matutino',34500.00);
INSERT INTO ESTABLECE VALUES('Perfumeria','Jueves','Matutino',36500.00);
INSERT INTO ESTABLECE VALUES('Perfumeria','Viernes','Matutino',38500.00);
INSERT INTO ESTABLECE VALUES('Perfumeria','Sabado','Matutino',40500.00);
INSERT INTO ESTABLECE VALUES('Perfumeria','Domingo','Matutino',45500.00);
INSERT INTO ESTABLECE VALUES('Perfumeria','Lunes','Vespertino',40500.00);
INSERT INTO ESTABLECE VALUES('Perfumeria','Martes','Vespertino',42500.00);
INSERT INTO ESTABLECE VALUES('Perfumeria','Miercoles','Vespertino',44500.00);
INSERT INTO ESTABLECE VALUES('Perfumeria','Jueves','Vespertino',46500.00);
INSERT INTO ESTABLECE VALUES('Perfumeria','Viernes','Vespertino',48500.00);
INSERT INTO ESTABLECE VALUES('Perfumeria','Sabado','Vespertino',50500.00);
INSERT INTO ESTABLECE VALUES('Perfumeria','Domingo','Vespertino',55500.00);
INSERT INTO ESTABLECE VALUES('Perfumeria','Lunes','Nocturno',50500.00);
INSERT INTO ESTABLECE VALUES('Perfumeria','Martes','Nocturno',52500.00);
INSERT INTO ESTABLECE VALUES('Perfumeria','Miercoles','Nocturno',54500.00);
INSERT INTO ESTABLECE VALUES('Perfumeria','Jueves','Nocturno',56500.00);
INSERT INTO ESTABLECE VALUES('Perfumeria','Viernes','Nocturno',58500.00);
INSERT INTO ESTABLECE VALUES('Perfumeria','Sabado','Nocturno',60500.00);
INSERT INTO ESTABLECE VALUES('Perfumeria','Domingo','Nocturno',65500.00);


INSERT INTO PAGO VALUES(12345678,'2008-02-18',NULL,'2008-02-11','2008-02-17',84848484);                                                                                                                 
INSERT INTO PAGO VALUES(12345679,'2008-02-18',NULL,'2008-02-11','2008-02-17',83838383);                                                                                                                 
INSERT INTO PAGO VALUES(24681012,'2008-02-18',NULL,'2008-02-11','2008-02-17',71253025);                                                                                                                 
INSERT INTO PAGO VALUES(24681014,'2008-02-18',NULL,'2008-02-11','2008-02-17',12121212);                                                                                                                 
INSERT INTO PAGO VALUES(24681016,'2008-02-18',NULL,'2008-02-11','2008-02-17',11111111);                                                                                                                 
INSERT INTO PAGO VALUES(24681018,'2008-02-18',NULL,'2008-02-11','2008-02-17',86868383);                                                                                                                 
INSERT INTO PAGO VALUES(24681020,'2008-02-18',NULL,'2008-02-11','2008-02-17',24242424);                                                                                                                 
INSERT INTO PAGO VALUES(24681021,'2008-02-18',NULL,'2008-02-11','2008-02-17',44545454);                                                                                                                 
INSERT INTO PAGO VALUES(24681022,'2008-02-18',NULL,'2008-02-11','2008-02-17',99151000);                                                                                                                 
INSERT INTO PAGO VALUES(24681023,'2008-02-18',NULL,'2008-02-11','2008-02-17',33343536);                                                                                                                 
INSERT INTO PAGO VALUES(24681024,'2008-02-18',NULL,'2008-02-11','2008-02-17',56575859);                                                                                                                 
INSERT INTO PAGO VALUES(24681025,'2008-02-18',NULL,'2008-02-18','2008-02-24',2352900);                                                                                                                  
INSERT INTO PAGO VALUES(24681026,'2008-02-18',NULL,'2008-02-18','2008-02-24',28282828);                                                                                                                 
INSERT INTO PAGO VALUES(24681027,'2008-02-18',NULL,'2008-02-11','2008-02-17',99010203);                                                                                                                 
INSERT INTO PAGO VALUES(24681028,'2008-02-18',NULL,'2008-02-11','2008-02-17',77778888);    